{
  "benches": [
    [
      59.361638924366154,
      18.03682551106368,
      330
    ],
    [
      59.36129448430086,
      18.037742496870788,
      330
    ],
    [
      59.36053382475923,
      18.03889763898219,
      300
    ],
    [
      59.36020255725248,
      18.039349620418704,
      292
    ],
    [
      59.36092420081526,
      18.038373927634108,
      307
    ]
  ],
  "lampposts": [
    [
      59.361538554827426,
      18.037600300517674,
      0
    ],
    [
      59.36140092963968,
      18.037912728644475,
      0
    ],
    [
      59.36125347415979,
      18.038212689068757,
      0
    ],
    [
      59.36108635754672,
      18.038490403011593,
      0
    ],
    [
      59.36091137680972,
      18.03872568846997,
      0
    ],
    [
      59.3607304975681,
      18.038955826293996,
      0
    ],
    [
      59.360585008256415,
      18.03914997363424,
      0
    ],
    [
      59.36166241793552,
      18.037330300740727,
      0
    ],
    [
      59.36041199368763,
      18.0394045447429,
      0
    ],
    [
      59.36023897856993,
      18.039646254000843,
      0
    ],
    [
      59.360077760461486,
      18.039804396689842,
      270
    ],
    [
      59.35988126659479,
      18.039820077512026,
      345
    ],
    [
      59.3597112687933,
      18.039739226603135,
      0
    ],
    [
      59.359469150163484,
      18.03958763113214,
      0
    ]
  ],
  "tennisCourts": [
    [
      59.35336684893797,
      18.041178191323464,
      134
    ],
    [
      59.35328369366299,
      18.041289421576963,
      316
    ],
    [
      59.35321565749148,
      18.041415482638616,
      135
    ],
    [
      59.353404646696674,
      18.04145997465925,
      0
    ],
    [
      59.35349536152341,
      18.04167502003139,
      0
    ],
    [
      59.353563397626296,
      18.041823327036056,
      0
    ],
    [
      59.35362009443588,
      18.042001295387813,
      0
    ]
  ]
}