{
  "benches": [
    [
      59.361638924366154,
      18.03682551106368,
      330
    ],
    [
      59.36129448430086,
      18.037742496870788,
      330
    ],
    [
      59.36053382475923,
      18.03889763898219,
      300
    ],
    [
      59.36020255725248,
      18.039349620418704,
      292
    ],
    [
      59.36092420081526,
      18.038373927634108,
      307
    ]
  ],
  "lampposts": [
    [
      59.361538554827426,
      18.037600300517674,
      0
    ],
    [
      59.36140092963968,
      18.037912728644475,
      0
    ],
    [
      59.36125347415979,
      18.038212689068757,
      0
    ],
    [
      59.36108635754672,
      18.038490403011593,
      0
    ],
    [
      59.36091137680972,
      18.03872568846997,
      0
    ],
    [
      59.3607304975681,
      18.038955826293996,
      0
    ],
    [
      59.360585008256415,
      18.03914997363424,
      0
    ],
    [
      59.36166241793552,
      18.037330300740727,
      0
    ],
    [
      59.36041199368763,
      18.0394045447429,
      0
    ],
    [
      59.36023897856993,
      18.039646254000843,
      0
    ],
    [
      59.360077760461486,
      18.039804396689842,
      270
    ],
    [
      59.35988126659479,
      18.039820077512026,
      345
    ],
    [
      59.3597112687933,
      18.039739226603135,
      0
    ],
    [
      59.359469150163484,
      18.03958763113214,
      0
    ]
  ],
  "tennisCourts": [
    [
      59.35336684893797,
      18.041178191323464,
      134
    ],
    [
      59.35328369366299,
      18.041289421576963,
      316
    ],
    [
      59.35321565749148,
      18.041415482638616,
      135
    ],
    [
      59.35341502698897,
      18.041450757530992,
      42
    ],
    [
      59.35346772881866,
      18.04156061236292,
      42
    ],
    [
      59.353563397626296,
      18.041823327036056,
      0
    ],
    [
      59.35362009443588,
      18.042001295387813,
      0
    ]
  ],
  "geese": [
    [
      59.36252698908273,
      18.036222184505473,
      0
    ],
    [
      59.362516632942146,
      18.036105364936077,
      0
    ],
    [
      59.36248297699471,
      18.036161235211736,
      0
    ],
    [
      59.362499080691784,
      18.0362408650941,
      0
    ],
    [
      59.362442219897616,
      18.036224752012913,
      0
    ],
    [
      59.362413789500536,
      18.036149144747323,
      0
    ],
    [
      59.362464964215285,
      18.03605122733084,
      0
    ],
    [
      59.36242137093976,
      18.036059903336113,
      0
    ],
    [
      59.3623657742677,
      18.0360685796106,
      0
    ],
    [
      59.3623657742677,
      18.036146665811756,
      0
    ],
    [
      59.36240241789061,
      18.03620368106059,
      0
    ],
    [
      59.362527511088864,
      18.036026437975167,
      0
    ],
    [
      59.36254836004672,
      18.036135510601703,
      0
    ],
    [
      59.363078613985735,
      18.03469678518023,
      0
    ],
    [
      59.363035111279096,
      18.03461143958533,
      0
    ],
    [
      59.36298194185322,
      18.03473471655574,
      0
    ],
    [
      59.36304236173021,
      18.034720492289924,
      0
    ],
    [
      59.36306169626649,
      18.03481532019027,
      0
    ],
    [
      59.36301335992578,
      18.034839027299963,
      0
    ],
    [
      59.362960190499905,
      18.03445971462172,
      0
    ],
    [
      59.36308828125388,
      18.034511870263046,
      0
    ],
    [
      59.36298435867026,
      18.03460195674145,
      0
    ]
  ]
}