{
  "benches": [
    [
      59.361638924366154,
      18.03682551106368,
      330
    ],
    [
      59.36129448430086,
      18.037742496870788,
      330
    ],
    [
      59.36053382475923,
      18.03889763898219,
      300
    ],
    [
      59.36020255725248,
      18.039349620418704,
      292
    ],
    [
      59.36092420081526,
      18.038373927634108,
      307
    ]
  ],
  "lampposts": [
    [
      59.361487752268474,
      18.037597294323714,
      0
    ],
    [
      59.36133275047911,
      18.03795769784944,
      0
    ],
    [
      59.3611605257808,
      18.03830683874816,
      0
    ],
    [
      59.36099404150323,
      18.038537722265243,
      0
    ],
    [
      59.36082755777457,
      18.038774237062174,
      0
    ],
    [
      59.36071848209571,
      18.03892913516696,
      0
    ],
    [
      59.360597925026454,
      18.039064286489108,
      0
    ],
    [
      59.36048023816757,
      18.03922759432829,
      0
    ],
    [
      59.36036542151906,
      18.03940779608274,
      0
    ],
    [
      59.360227641540845,
      18.039610523057547,
      0
    ],
    [
      59.36006402802256,
      18.039779462193408,
      0
    ],
    [
      59.3598860629035,
      18.039779462193408,
      0
    ],
    [
      59.35971383820519,
      18.03967246740512,
      0
    ],
    [
      59.35951003899714,
      18.039548578709976,
      0
    ]
  ],
  "tennisCourts": [
    [
      59.35336684893797,
      18.041178191323464,
      0
    ],
    [
      59.35328369366299,
      18.041289421576963,
      0
    ],
    [
      59.35321565749148,
      18.041415482638616,
      0
    ],
    [
      59.353404646696674,
      18.04145997465925,
      0
    ],
    [
      59.35349536152341,
      18.04167502003139,
      0
    ],
    [
      59.353563397626296,
      18.041823327036056,
      0
    ],
    [
      59.35362009443588,
      18.042001295387813,
      0
    ]
  ]
}